method,exp_cost,exp_carbon,cvar90_carbon,sla_violation_rate,std_cost,std_carbon,runtime_sec
CM,23.95015509066829,102.17374556804903,120.13882195957484,0.0,2.1657799939142848,6.063778888456028,0.00149333257999972
CF,30.548554375903283,90.6316371936822,106.23668556339366,0.0,2.4436419834440235,5.538485648002145,0.0016293326599999248
RF,26.954987960883415,94.9960169518771,111.36541911920726,0.0,2.429369086085052,5.401044266696314,0.0016645841800001016
SBS,26.052450506508304,96.45266218470424,113.13247375042563,0.0,2.2339373284984454,5.392202870309787,0.0015448800600000824
RO,27.426513605077062,94.37985459491141,108.86295601127344,0.0,2.404023510615246,5.398836651382149,0.0016168299800002118
DRO,26.96793788361902,90.40379365983985,103.75488307530753,0.0,2.300017701610279,5.684054564554812,0.3801759299399999
