method,exp_cost,exp_carbon,cvar90_carbon,sla_violation_rate,std_cost,std_carbon,runtime_sec,data_source,regions
CM,7.0504810569184455,64.50255512438079,78.96750831961039,0.0,0.11635818426600286,1.3985944894610398,0.0007019354500000574,WattTime MOER + CAISO OASIS (Aug 5 2025),"Bay Area, Los Angeles, Sacramento (CAISO)"
CF,7.430360866367164,60.390878756800625,73.60219713997903,0.0,0.11974165951802018,0.4952441436236485,0.0007442416499998216,WattTime MOER + CAISO OASIS (Aug 5 2025),"Bay Area, Los Angeles, Sacramento (CAISO)"
RF,7.38944581532178,60.73648618894707,74.02562414859051,0.0,0.10462865724821334,0.5987590356632753,0.0008167688499998605,WattTime MOER + CAISO OASIS (Aug 5 2025),"Bay Area, Los Angeles, Sacramento (CAISO)"
SBS,7.360181173262697,60.68312994726898,73.98905306116345,0.0,0.1289101385260128,0.5755284425232603,0.000731381049999591,WattTime MOER + CAISO OASIS (Aug 5 2025),"Bay Area, Los Angeles, Sacramento (CAISO)"
RO,7.31845013875201,60.78203518130397,73.3633300886095,0.0,0.14139538851947261,0.6160955810091612,0.0007493042999998422,WattTime MOER + CAISO OASIS (Aug 5 2025),"Bay Area, Los Angeles, Sacramento (CAISO)"
DRO,7.164690278587438,59.08283083518912,70.22299058831888,0.0,0.11773805280842542,0.3578659112133463,0.18693731880000045,WattTime MOER + CAISO OASIS (Aug 5 2025),"Bay Area, Los Angeles, Sacramento (CAISO)"
